ID,Outcome
TEST_000,2
TEST_001,2
TEST_002,2
TEST_003,2
TEST_004,2
TEST_005,2
TEST_006,2
TEST_007,2
TEST_008,2
TEST_009,2
TEST_010,2
TEST_011,2
TEST_012,2
TEST_013,2
TEST_014,2
TEST_015,2
TEST_016,2
TEST_017,2
TEST_018,2
TEST_019,2
TEST_020,2
TEST_021,2
TEST_022,2
TEST_023,2
TEST_024,2
TEST_025,2
TEST_026,2
TEST_027,2
TEST_028,2
TEST_029,2
TEST_030,2
TEST_031,2
TEST_032,2
TEST_033,2
TEST_034,2
TEST_035,2
TEST_036,2
TEST_037,2
TEST_038,2
TEST_039,2
TEST_040,2
TEST_041,2
TEST_042,2
TEST_043,2
TEST_044,2
TEST_045,2
TEST_046,2
TEST_047,2
TEST_048,2
TEST_049,2
TEST_050,2
TEST_051,2
TEST_052,0
TEST_053,0
TEST_054,1
TEST_055,2
TEST_056,2
TEST_057,2
TEST_058,2
TEST_059,2
TEST_060,2
TEST_061,2
TEST_062,2
TEST_063,2
TEST_064,2
TEST_065,2
TEST_066,2
TEST_067,2
TEST_068,2
TEST_069,2
TEST_070,2
TEST_071,2
TEST_072,2
TEST_073,2
TEST_074,2
TEST_075,2
TEST_076,2
TEST_077,2
TEST_078,2
TEST_079,2
TEST_080,2
TEST_081,2
TEST_082,2
TEST_083,2
TEST_084,2
TEST_085,2
TEST_086,2
TEST_087,2
TEST_088,2
TEST_089,2
TEST_090,2
TEST_091,2
TEST_092,2
TEST_093,2
TEST_094,2
TEST_095,2
TEST_096,2
TEST_097,2
TEST_098,2
TEST_099,2
TEST_100,2
TEST_101,2
TEST_102,2
TEST_103,2
TEST_104,2
TEST_105,2
TEST_106,2
TEST_107,2
TEST_108,2
TEST_109,2
TEST_110,2
TEST_111,2
TEST_112,2
TEST_113,2
TEST_114,2
TEST_115,2
